make up	להמציא; להרכיב	Please do not [[make up]] an excuse.	בבקשה אל תמציא תירוץ.	להוות חלק מן השלם	Four teams [[make up]] our school league.	ארבע קבוצות מרכיבות את הליגה הבית־ספרית שלנו.	להרכיב ← constitute; להמציא ← invent; make-up = איפור (שם עצם, הרחבה)	בקש להחליף את הביטוי בפועל פשוט בכל משפט. העבר made up; עם כינוי גוף make it up.	צירוף לא מילולי; משמעויות שונות מאוד; בלבול עם שם העצם makeup.
as	כאשר; בזמן ש־	[[As]] David entered the room, everyone became quiet.	כשדוד נכנס לחדר, כולם השתתקו.	מפני ש־	[[As]] it was raining, we stayed inside.	מפני שירד גשם, נשארנו בפנים.	when = כאשר; because = מפני ש־; as ... as = באותה מידה כמו (השוואה); as a teacher = בתור מורה (הרחבה)	שאל איזו מילת קישור יכולה להחליף as בלי לשנות את הקשר. אין לבחור תרגום קבוע לכל הופעה.	מילת תפקוד אחת מחברת זמן, סיבה והשוואה; תרגום תלוי בהיגיון המשפט.
would	עתיד מנקודת מבט בעבר	Daniel said he [[would]] call later.	דניאל אמר שיתקשר מאוחר יותר.	בקשה מנומסת	[[Would]] you help me with this task?	האם תוכל לעזור לי במשימה הזאת?	will → would בדיבור עקיף; would like = רוצה בנימוס; If I had time, I would help = תנאי (הרחבה)	אחרי would בא פועל בסיס. הבחן בין reported future, בקשה ותנאי; הוא אינו תמיד היה.	אין מקבילה עברית קבועה לפועל העזר; תפקידו תלוי במבנה.
mean	להיות בעל משמעות	What does this sign [[mean]]?	מה משמעות השלט הזה?	להתכוון	I did not [[mean]] to hurt you.	לא התכוונתי לפגוע בך.	meaning = משמעות; meaningful = בעל משמעות; mean to do = להתכוון לעשות; mean doing = להיות כרוך בעשייה	השווה: Joining the club means attending meetings. ההצטרפות מחייבת השתתפות בפגישות. to ו־ing משנים משמעות.	ריבוי משמעויות והבדל משמעות בעקבות צורת הפועל המשלים.
set	לקבוע; להניח	We need to [[set]] a date for the meeting.	אנחנו צריכים לקבוע תאריך לפגישה.	להניח; להכין	Please [[set]] the books on the table.	בבקשה הנח את הספרים על השולחן.	set up = להקים; set a goal = לקבוע יעד; set the table = לערוך שולחן (הרחבה); set–set–set	דרוש תרגום של הצירוף כולו ולא של הפועל לבדו. אל תוסיף ed בעבר.	פועל שכיח מאוד עם צירופים רבים, בלי פועל עברי יחיד.
run	להתנהל; לפעול	The program [[runs]] smoothly on my computer.	התוכנית פועלת היטב במחשב שלי.	לנהל	Olivia [[runs]] the school reading club.	אוליביה מנהלת את מועדון הקריאה של בית הספר.	run = לרוץ; run a business = לנהל עסק; run out of = להיגמר; run–ran–run	התחל במשמעות המוכרת לרוץ ואז שאל למה אינה מתאימה למחשב או למועדון. ניהול הוא הרחבה שימושית.	המובן המוכר לרוץ מסתיר שימושים מופשטים ושימושי ניהול.
still	עדיין	I am [[still]] working on my essay.	אני עדיין עובד על החיבור שלי.	בכל זאת	The task was difficult. [[Still]], we finished it.	המשימה הייתה קשה. בכל זאת, סיימנו אותה.	still ↔ no longer (המשך מול הפסקה); yet בשאלות ושלילה; nevertheless = בכל זאת; still = ללא תנועה (תואר, הרחבה)	השווה still בתוך המשפט ל־Still בתחילת משפט ניגוד. שאל אם מדובר בזמן או בניגוד.	משמעות של זמן ומשמעות לוגית שונות; המיקום משפיע על הקריאה.
once	ברגע ש־; לאחר ש־	[[Once]] you finish the first task, you can start the next one.	לאחר שתסיים את המשימה הראשונה, תוכל להתחיל בבאה.	פעם אחת	I have visited that museum [[once]].	ביקרתי במוזיאון הזה פעם אחת.	as soon as = ברגע ש־; one time = פעם אחת; once = בעבר (הרחבה); twice = פעמיים	המשמעות הנדרשת ברשימה היא מילת קישור. במשפט עתידי once you finish, לא once you will finish.	התלמיד מכיר פעם אחת ועלול לפספס את תפקיד מילת הקישור.
otherwise	אחרת; אם לא כן	Check the address; [[otherwise]], you may go to the wrong place.	בדוק את הכתובת; אחרת אתה עלול להגיע למקום הלא נכון.	מבחינות אחרות	The room was small but [[otherwise]] comfortable.	החדר היה קטן, אבל מבחינות אחרות היה נוח.	or else = אחרת; if not = אם לא; in other respects = מבחינות אחרות (הרחבה)	במשפט הראשון נסח את התנאי הסמוי: אם לא תבדוק. במשפט השני אין איום או תוצאה של תנאי.	תנאי סמוי ומשמעות נוספת; אחרת בעברית אינה תמיד מספיקה.
even if	גם אם	We will play outside [[even if]] it rains.	נשחק בחוץ גם אם ירד גשם.	תנאי שאינו משנה את ההחלטה	I will finish the task [[even if]] nobody helps me.	אסיים את המשימה גם אם אף אחד לא יעזור לי.	even though = אף על פי ש־ (עובדה); if = אם; whether or not = בין אם כן ובין אם לא	הגשם והיעדר העזרה אינם מוצגים כעובדה שכבר קרתה. בקש להשוות ל־even though ולא רק לתרגם.	הבחנה בין אפשרות לעובדה חשובה יותר משינון התרגום.
even though	אף על פי ש־	[[Even though]] it was raining, we played outside.	אף על פי שירד גשם, שיחקנו בחוץ.	ניגוד לעובדה	[[Even though]] David was tired, he completed the essay.	אף על פי שדוד היה עייף, הוא השלים את החיבור.	although = אף על פי ש־; despite + שם עצם או ing; even if = גם אם	בקש לזהות את שתי העובדות בכל משפט. אין להוסיף but אחרי פסוקית הפותחת ב־even though.	בלבול עם even if ועם despite; מעבר בין פסוקית לצירוף.
little	מעט מאוד; כמעט אין	We have [[little]] time to prepare.	יש לנו מעט מאוד זמן להתכונן.	כמות קטנה שיש ממנה מעט	We have [[a little]] time to prepare.	יש לנו קצת זמן להתכונן.	few / a few עם שמות ספירים; little / a little עם שמות בלתי ספירים; little = קטן (הרחבה)	הוספת a משנה את הדגש: חוסר לעומת כמות זמינה. הזמן אינו ספיר; אל תציג את שני המשפטים כתרגום זהה.	שינוי קטן במבנה משנה את עמדת הדובר; ספירות שונה מעברית.
not until	רק לאחר; לא לפני	Daniel did [[not]] leave [[until]] the meeting ended.	דניאל יצא רק לאחר שהפגישה הסתיימה.	גבול זמן	We cannot begin [[until]] everyone is ready.	לא נוכל להתחיל עד שכולם יהיו מוכנים.	only after = רק לאחר; before = לפני; until = עד ש־	שאל מה קרה קודם: סיום הפגישה או היציאה. הצירוף יכול להיות מפוצל בתוך המשפט.	שלילה עם until עלולה להתפרש כהיפוך שגוי של סדר האירועים.
besides	נוסף על כך	The trip is expensive. [[Besides]], we have an exam tomorrow.	הטיול יקר. נוסף על כך, יש לנו מבחן מחר.	מלבד; נוסף על	[[Besides]] English, Rina studies French.	נוסף לאנגלית, רינה לומדת צרפתית.	in addition = נוסף על כך; besides + שם עצם; beside = ליד (מילה שונה)	שאל אם רינה לומדת אנגלית. כאן התשובה כן; besides מוסיפה ולא מוציאה. beside בלי s פירושה ליד.	בלבול בין הוספה להחרגה ובין beside ל־besides.
necessarily	בהכרח	A high price does not [[necessarily]] mean high quality.	מחיר גבוה אינו מעיד בהכרח על איכות גבוהה.	לא תמיד; לא בכל מקרה	Being quiet does not [[necessarily]] mean being shy.	שתיקה אינה מעידה בהכרח על ביישנות.	necessary = נחוץ; necessity = צורך; not necessarily = לא בהכרח; always = תמיד (קירוב בהקשר)	בקש דוגמה נגדית ולא פירוש של אינו נחוץ. not necessarily שולל הכרח, לא שולל כל קשר אפשרי.	מילת הסתייגות לוגית; תרגום לפי necessary עלול להיות שגוי.
supposed	אמור; מצופה	We are [[supposed]] to arrive at eight.	אנחנו אמורים להגיע בשמונה.	משוער; לכאורה	The [[supposed]] expert could not answer a basic question.	המומחה כביכול לא הצליח לענות על שאלה בסיסית.	be supposed to + פועל בסיס; suppose = להניח; supposedly = לכאורה	הדוגמה הראשונה מתייחסת לציפייה או לכלל. השנייה מביעה ספק בתיאור מומחה. supposed לבדו אינו פשוט צריך.	מבנה של ציפייה מול ספק; אין תרגום עברי יחיד.
take advantage of	לנצל הזדמנות מועילה	We should [[take advantage of]] the free library workshops.	כדאי שננצל את הסדנאות החינמיות בספרייה.	לנצל אדם באופן לא הוגן	Do not [[take advantage of]] someone who trusts you.	אל תנצל לרעה אדם שסומך עליך.	advantage = יתרון; disadvantage = חיסרון; make good use of = לנצל לטובה; exploit = לנצל לרעה	משמעות הרשימה היא ניצול הזדמנות לטובה. האדם בדוגמה השנייה משנה את המשמעות והמטען הערכי.	ניצול חיובי וניצול לרעה נראים זהים בתרגום קצר.
look forward to	לצפות בשמחה ל־	I [[look forward to]] meeting the new students.	אני מצפה בשמחה לפגוש את התלמידים החדשים.	ציפייה חיובית	We [[look forward to]] the school trip.	אנחנו מצפים בשמחה לטיול בית הספר.	expect = לצפות לדבר שיקרה, לא בהכרח בשמחה; look forward to + שם עצם / ing	כאן to היא מילת יחס ולכן meeting ולא meet. בקש להשוות I expect a test לציפייה לטיול.	ביטוי לא מילולי; to + ing; הבדל רגשי שלא נראה בצופה בלבד.
concern	להדאיג	The sudden change [[concerns]] the students.	השינוי הפתאומי מדאיג את התלמידים.	לעסוק ב־; לגעת ב־	This article [[concerns]] online learning.	המאמר הזה עוסק בלמידה מקוונת.	concern (שם עצם) = דאגה / עניין; concerned about = מודאג מ־; concerning = בנוגע ל־	הנושא הדקדוקי במשפט הראשון הוא הדבר המדאיג. בשני אין הכרח שהכותב מודאג.	הבחנה בין רגש לנושא; משפחת מילים משנה מבנה.
issue	סוגיה; נושא לדיון	Phone use in class is an important [[issue]].	שימוש בטלפונים בכיתה הוא סוגיה חשובה.	גיליון	I read the latest [[issue]] of the school magazine.	קראתי את הגיליון האחרון של עיתון בית הספר.	topic = נושא; problem = בעיה (רק בחלק מההקשרים); issue = להנפיק (פועל, הרחבה)	שאל איזה סוג דבר חשוב ובאיזה סוג דבר אפשר לקרוא. אין לתרגם כל issue כבעיה.	סוגיה מול גיליון; המילה אינה תמיד בעיה.
sense	משמעות; תחושה; שיקול דעת	Your explanation makes [[sense]].	ההסבר שלך הגיוני.	תחושה; חוש	I felt a [[sense]] of relief after the exam.	הרגשתי תחושת הקלה לאחר המבחן.	sensible = נבון; sensitive = רגיש (אינה מילה נרדפת); the sense of smell = חוש הריח; nonsense = שטויות	make sense הוא צירוף ולא תרגום מילולי של לעשות חוש. בקש להבחין בין sensible ל־sensitive.	ריבוי משמעויות מופשטות וצירוף שאינו מתורגם מילה במילה.
point	נקודה; טענה; רעיון	The main [[point]] of the essay is that practice matters.	הרעיון המרכזי בחיבור הוא שתרגול חשוב.	להצביע	Please [[point]] to the correct answer.	בבקשה הצבע על התשובה הנכונה.	point out = לציין; point of view = נקודת מבט; What is the point? = מה הטעם? (הרחבה)	הדגש נקודה בטיעון מול פעולה גופנית. לשימוש הפועלי point to / at; לשם העצם a point.	הפירוש נקודה אינו מסביר טענה, טעם או שימוש כפועל.
account	דיווח; תיאור	The witness gave an [[account]] of the event.	העד מסר תיאור של האירוע.	חשבון	I opened a new bank [[account]].	פתחתי חשבון בנק חדש.	take into account = להביא בחשבון; account for = להסביר / להוות חלק יחסי (הרחבה); description = תיאור	שאל אם account בראשון הוא מספר בבנק. אל תציג account for כמשמעות אוטומטית של שם העצם.	חשבון מול תיאור; ביטויים קבועים יוצרים משמעויות נוספות.
present	להציג	David will [[present]] his project tomorrow.	דוד יציג את הפרויקט שלו מחר.	נוכח	All the students were [[present]] at the meeting.	כל התלמידים נכחו בפגישה.	presentation = הצגה; present (שם עצם) = מתנה / הווה (הרחבה); absent = נעדר	משמעות הרשימה היא הפועל. present כפועל מוטעם בסוף; כתואר וכשם עצם בהתחלה.	אותו כתיב, חלקי דיבור ומשמעויות שונות וגם שינוי הטעמה.
conduct	לערוך; לבצע	The students will [[conduct]] a short survey.	התלמידים יערכו סקר קצר.	התנהגות	His [[conduct]] during the debate was respectful.	התנהגותו במהלך הדיון הייתה מכבדת.	conduct research = לערוך מחקר; carry out = לבצע; behavior = התנהגות; conductor = מנצח / מוליך (הרחבה)	הפועל הוא משמעות הרשימה. בשם העצם ההטעמה בהתחלה; בפועל בסוף. conduct a survey אינו לנהוג בסקר.	תרגום לפי צירוף; פועל ושם עצם בהטעמה שונה.
record	לתעד; להקליט	We will [[record]] the interview.	נקליט את הריאיון.	תיעוד; רשומה; שיא	The teacher keeps a [[record]] of attendance.	המורה שומרת רישום נוכחות.	record a video = להקליט סרטון; break a record = לשבור שיא; recording = הקלטה	שם העצם מוטעם בהתחלה; הפועל בסוף. ברשומה כתובה אין הכרח בקובץ שמע.	תיעוד לעומת הקלטה ושיא; שינוי הטעמה עם חלק הדיבור.
figure	מספר; נתון	The latest [[figure]] shows an increase in sales.	הנתון האחרון מראה עלייה במכירות.	איור	[[Figure]] 2 shows the parts of the machine.	איור 2 מציג את חלקי המכונה.	a public figure = דמות ציבורית (הרחבה); figure out = להבין / לפתור (הרחבה); number = מספר	שאל אם המילה מציינת נתון או תרשים. figure out הוא צירוף נפרד ולא פירוש אוטומטי של figure.	מספר ואיור; המשמעות המוכרת מצירוף אחר עלולה להטעות.
means	אמצעי; דרך	A bicycle is a cheap [[means]] of transport.	אופניים הם אמצעי תחבורה זול.	אמצעים; דרכים	We tried several [[means]] of solving the problem.	ניסינו כמה דרכים לפתרון הבעיה.	a means / several means (צורת היחיד והרבים זהה); mean (פועל) = להתכוון / להיות בעל משמעות; method = שיטה	means כשם עצם אינו בהכרח mean בגוף שלישי. a means ביחיד תקין; several means ברבים.	מראית עין של פועל או רבים בלבד; צורת יחיד ורבים זהה.
regard	לראות ב־; להתייחס כ־	Many students [[regard]] the library as a quiet place to study.	תלמידים רבים רואים בספרייה מקום שקט ללמידה.	הערכה; כבוד	She has great [[regard]] for her teacher.	היא רוחשת הערכה רבה למורה שלה.	regard A as B; with regard to = בנוגע ל־; regards = דרישת שלום (הרחבה); respect = כבוד	בקש לבנות regard X as Y. בשם העצם high regard / regard for; אל תתרגם את הפועל לכבוד.	פועל של תפיסה מול שם עצם של הערכה וצירופים לא מילוליים.
degree	מידה; דרגה	We all need some [[degree]] of independence.	כולנו זקוקים למידה מסוימת של עצמאות.	תואר אקדמי	Rina has a [[degree]] in English.	לרינה יש תואר באנגלית.	degrees Celsius = מעלות צלזיוס; to some degree = במידה מסוימת; extent = מידה	שאל אם מדובר בסולם, במידה מופשטת או בתעודה. אין להסתפק במעלה בכל הופעה.	מעלות, מידה ותואר דורשים מילים עבריות שונות.
position	עמדה; תפקיד; מיקום	What is your [[position]] on using AI at school?	מה עמדתך בנוגע לשימוש בבינה מלאכותית בבית הספר?	משרה	She applied for a [[position]] at the library.	היא הגישה מועמדות למשרה בספרייה.	location = מיקום; opinion / stance = עמדה; job = משרה; position (פועל) = למקם (הרחבה)	הצג שלושה צירופים: position on, position at a company, position on a map. מילת היחס וההקשר מכוונים למשמעות.	מיקום פיזי, עמדה מחשבתית ומשרה באותו שם עצם.
volume	נפח; כמות	We measured the [[volume]] of water in the tank.	מדדנו את נפח המים במכל.	עוצמת קול	Please turn down the [[volume]].	בבקשה הנמך את עוצמת הקול.	volume two = הכרך השני; amount = כמות (קירוב); loud ↔ quiet קשורות לעוצמת קול	אין להשתמש באותה מילה עברית לנפח, לעוצמה ולכרך. בקש לזהות את רמזי tank ו־turn down.	שלוש משמעויות שכיחות עם תרגומים שונים לגמרי.
current	נוכחי	The [[current]] rules allow phones only during breaks.	הכללים הנוכחיים מאפשרים שימוש בטלפונים רק בהפסקות.	זרם	The river's [[current]] was very strong.	הזרם בנהר היה חזק מאוד.	currently = כעת; up-to-date = מעודכן; electric current = זרם חשמלי (הרחבה); former = קודם	משמעות הרשימה היא התואר נוכחי. שם העצם זרם הוא הרחבה. current אינו תמיד זהה ל־modern.	תואר ושם עצם במשמעויות נפרדות; בלבול עם מודרני.
nature	טבעו; אופיו של דבר	We need to understand the [[nature]] of the problem.	עלינו להבין את טיבה של הבעיה.	עולם הטבע	Spending time in [[nature]] helps me relax.	בילוי בטבע עוזר לי להירגע.	natural = טבעי; naturally = בטבעיות / כמובן לפי ההקשר; character = אופי	משמעות הרשימה היא אופי בסיסי. nature of a problem אינו יער או בעלי חיים.	המובן המוכר עולם הטבע מסתיר משמעות מופשטת מרכזית.
material	חומר; מידע לימודי	The teacher prepared reading [[material]] for the class.	המורה הכין חומר קריאה לכיתה.	חומר שממנו עשוי דבר	This bag is made of strong [[material]].	התיק הזה עשוי מחומר חזק.	materials = חומרים / חומרי לימוד; source material = חומר מקור; fabric = בד (סוג של חומר)	עברית משתמשת בחומר בשני המצבים, אבל האנגלית מבחינה בשימושי ספירות. אין materials לכל חומר באופן אוטומטי.	מעבר בין חומר מוחשי לתוכן; ספירות משתנה לפי השימוש.
domestic	מקומי; פנים־ארצי	We took a [[domestic]] flight from one city to another.	טסנו בטיסה פנים־ארצית מעיר אחת לאחרת.	ביתי; מבוית	A dog is a [[domestic]] animal.	כלב הוא בעל חיים מבוית.	domestic ↔ international בטיסות; domestic ↔ wild בבעלי חיים; domesticate = לביית	שאל איזה ניגוד מתאים לכל משפט. אין להחליף domestic flight בטיסה ביתית.	ניגודים שונים לפי ההקשר; התרגום ביתי אינו כללי.
reasonable	סביר; הגיוני; הוגן	A thirty-minute break seems [[reasonable]].	הפסקה של שלושים דקות נראית סבירה.	סביר במחיר	The shop sells notebooks at [[reasonable]] prices.	החנות מוכרת מחברות במחירים סבירים.	reason = סיבה / נימוק; reasonably = באופן סביר; unreasonable = לא סביר; sensible = הגיוני	מחיר סביר אינו בהכרח הזול ביותר. בקש להסביר מה הופך כלל או מחיר לסביר.	מושג הערכה תלוי־הקשר; לא זהה תמיד לזול או נכון.
reflect	לשקף; להחזיר אור	The lake [[reflects]] the mountains.	האגם משקף את ההרים.	להרהר; לחשוב לעומק	Take time to [[reflect]] on what you learned.	הקדש זמן לחשוב לעומק על מה שלמדת.	reflection = השתקפות / מחשבה; reflect on = להרהר ב־; mirror = לשקף (במובן מסוים)	המשמעות המוחשית נוכחת בראשון. on בשני מציינת חשיבה על נושא ולא מראה.	השתקפות פיזית ומחשבה; מילת יחס משנה מבנה.
bring up	להעלות נושא	Please [[bring up]] this issue at the meeting.	בבקשה העלה את הסוגיה הזאת בפגישה.	לגדל ילדים	His grandparents [[brought him up]].	סבו וסבתו גידלו אותו.	mention = להזכיר; raise a child = לגדל ילד; bring–brought–brought; bring it up	שתי המשמעויות הרחוקות זו מזו אינן ברורות מן המילים bring ו־up. כינוי גוף נמצא באמצע.	צירוף לא מילולי; נושא לדיון מול גידול ילדים.
give away	לתת ללא תמורה	We will [[give away]] the books we no longer need.	ניתן ללא תמורה את הספרים שאיננו צריכים עוד.	לגלות סוד	Do not [[give away]] the ending of the film.	אל תגלה את סוף הסרט.	donate = לתרום (בהקשר מתאים); reveal = לגלות; give it away; giveaway = מתנה / סימן מסגיר (הרחבה)	התלמיד יתן חלופה לכל דוגמה: donate או reveal. away אינו מתורגם כאן רחוק.	נתינת חפץ מול גילוי מידע; משמעות אינה סכום המרכיבים.
cut down	לכרות	They [[cut down]] the old tree.	הם כרתו את העץ הישן.	להפחית צריכה	We should [[cut down]] on screen time.	כדאי שנפחית זמן מסך.	cut down on + שם עצם / ing; reduce = להפחית; cut–cut–cut; cut it down (עץ)	ההרחבה עם on חיונית למשמעות להפחית צריכה. אל תשמיט אותה במשפט על זמן מסך.	שינוי מילת יחס מבחין בין כריתה להפחתת הרגל.
room	מקום; מרווח	There is not enough [[room]] for another desk.	אין מספיק מקום לשולחן נוסף.	חדר	Our classroom is the largest [[room]] in the building.	הכיתה שלנו היא החדר הגדול ביותר בבניין.	room = מקום (בלתי ספיר); a room / rooms = חדר / חדרים; room for improvement = מקום לשיפור	שאל אם אפשר לספור חדרים או אם מדברים על שטח פנוי. enough room אינו מספיק חדר אחד.	המובן המוכר חדר מסתיר שם בלתי ספיר של מקום פנוי.
keep	לשמור; להמשיך	You can [[keep]] this copy of the book.	אתה יכול לשמור את עותק הספר הזה.	להמשיך לעשות	[[Keep]] practicing until you feel confident.	המשך לתרגל עד שתרגיש בטוח.	keep + ing = להמשיך; keep a promise = לקיים הבטחה; keep in touch = לשמור על קשר; kept = עבר	הצג keep practicing ולא keep to practice במשמעות הזאת. הצירוף קובע את הפועל העברי.	שימור, המשך וקיום הבטחה דורשים תרגומים ומבנים שונים.
claim	לטעון	Some people [[claim]] that homework is unnecessary.	יש אנשים שטוענים ששיעורי בית אינם נחוצים.	לתבוע; לדרוש זכאות	The winner can [[claim]] the prize tomorrow.	המנצח יוכל לקבל את הפרס המגיע לו מחר.	claim that + טענה; a claim = טענה / דרישה (שם עצם); evidence = ראיות; prove = להוכיח	משמעות הרשימה היא לומר שדבר נכון. claim אינו proof; אין להסיק שהטענה הוכחה.	טענה מול הוכחה ודרישת זכאות; תרגום חלקי מטעה.
approach	גישה; דרך פעולה	We need a different [[approach]] to this problem.	אנחנו זקוקים לגישה אחרת לבעיה הזאת.	להתקרב	As we [[approached]] the school, we heard music.	כשהתקרבנו לבית הספר, שמענו מוזיקה.	an approach to = גישה ל־; approach a place (ללא to); method = שיטה; approaching = מתקרב	השווה מילת יחס בשם העצם לפועל: approach to the problem מול approach the school.	גישה מופשטת והתקרבות פיזית; שם ופועל במבנים שונים.
treatment	טיפול רפואי	The patient received [[treatment]] at the hospital.	המטופל קיבל טיפול בבית החולים.	יחס	Every student deserves fair [[treatment]].	לכל תלמיד מגיע יחס הוגן.	treat = לטפל / להתייחס; treat someone fairly = להתייחס בהוגנות; medical care = טיפול רפואי	שאל אם fair treatment מחייב תרופה. הפועל treat דורש להבין מי מקבל יחס ובאיזו דרך.	טיפול מול יחס; המובן הרפואי עלול להשתלט על כל הופעה.
miss	להחמיץ; לפספס	I [[missed]] the bus this morning.	פספסתי את האוטובוס הבוקר.	להתגעגע	I [[miss]] my friends during the holidays.	אני מתגעגע לחברים שלי בחופשות.	miss a lesson = להחמיץ שיעור; miss the point = לפספס את העיקר; missing = חסר / נעדר	המשמעות הראשונה מתאימה להיקף הרשימה. געגוע הוא הרחבה שכיחה. אין לכתוב miss to my friends.	החמצה וגעגוע; אין פועל עברי אחד ומבנה זהה.
anxious	מודאג; חרד	David felt [[anxious]] about the exam.	דוד הרגיש מודאג בנוגע למבחן.	להוט	Olivia was [[anxious]] to hear the good news.	אוליביה הייתה להוטה לשמוע את החדשות הטובות.	anxiety = חרדה; anxious about = מודאג מ־; eager = להוט; calm = רגוע	משמעות הרשימה היא מודאג. anxious to יכולה להביע להיטות אך גם דאגה; ההקשר קובע.	שני כיוונים רגשיים; המבנה וההקשר חיוניים.
right	נכון; צודק	You are [[right]] about the answer.	אתה צודק בנוגע לתשובה.	זכות	Every student has the [[right]] to ask questions.	לכל תלמיד יש זכות לשאול שאלות.	right ↔ wrong (נכון / שגוי); right ↔ left (ימין / שמאל, הרחבה); rights = זכויות; correct = נכון	משמעות הרשימה היא התואר נכון. אין להפוך כל right לימין; a right הוא שם עצם.	נכון, ימין וזכות באותו כתיב; חלק הדיבור משנה משמעות.
spoil	לקלקל	Too much noise can [[spoil]] the lesson.	רעש רב מדי עלול לקלקל את השיעור.	לפנק יתר על המידה	They [[spoil]] the child by buying him everything he wants.	הם מפנקים את הילד יתר על המידה בכך שהם קונים לו כל מה שהוא רוצה.	spoiled food = אוכל מקולקל; spoiled child = ילד מפונק; ruin = להרוס; spoil the ending = לגלות את הסוף	אל תציג כל פינוק כשלילי; spoil a child מדגיש פינוק יתר. דון במה מתקלקל בכל הקשר.	קלקול ופינוק יתר; בעברית נשמעות פעולות בעלות מטען שונה.
